"ts_code","trade_date","open","high","low","close","pre_close","change","pct_chg","vol","amount","adj_factor","adjust"
"601988.SH","20250707","5.591029","5.630265","5.561603","5.620456","5.591029","0.029426","0.526316","1877332.700000","1072274.822000","2.534600","qfq"
"601988.SH","20250708","5.610647","5.640074","5.581221","5.600838","5.620456","-0.019618","-0.349040","1801058.360000","1029121.014000","2.534600","qfq"
"601988.SH","20250709","5.610647","5.708735","5.591029","5.669500","5.600838","0.068662","1.225919","3492826.520000","2018853.300000","2.534600","qfq"
"601988.SH","20250710","5.679309","5.767588","5.669500","5.708735","5.669500","0.039235","0.692042","2801539.690000","1636781.875000","2.534600","qfq"
"601988.SH","20250711","5.718544","5.787206","5.581221","5.581221","5.708735","-0.127515","-2.233677","5043114.750000","2922940.530000","2.534600","qfq"
"601988.SH","20250714","5.591029","5.728353","5.591029","5.640074","5.581221","0.058853","1.054482","3464429.590000","2001520.131000","2.534600","qfq"
"601988.SH","20250715","5.659691","5.679309","5.591029","5.591029","5.640074","-0.049044","-0.869565","2108167.610000","1210607.330000","2.534600","qfq"
"601988.SH","20250716","5.591029","5.620456","5.551794","5.600838","5.591029","0.009809","0.175439","2215049.720000","1260792.019000","2.534600","qfq"
"601988.SH","20250717","5.600838","5.620456","5.551794","5.561603","5.600838","-0.039235","-0.700525","1761573.070000","1001183.589000","2.534600","qfq"
"601988.SH","20250718","5.561603","5.610647","5.532176","5.581221","5.561603","0.019618","0.352734","1827813.000000","1040368.068000","2.534600","qfq"
"601988.SH","20250721","5.581221","5.600838","5.522368","5.541985","5.581221","-0.039235","-0.702988","2451637.310000","1386029.904000","2.534600","qfq"
"601988.SH","20250722","5.532176","5.541985","5.443897","5.473324","5.541985","-0.068662","-1.238938","3913312.180000","2182999.163000","2.534600","qfq"
"601988.SH","20250723","5.453706","5.571412","5.453706","5.522368","5.473324","0.049044","0.896057","3820410.390000","2153377.537000","2.534600","qfq"
"601988.SH","20250724","5.532176","5.551794","5.453706","5.453706","5.522368","-0.068662","-1.243339","3468702.970000","1941424.781000","2.534600","qfq"
"601988.SH","20250725","5.453706","5.483132","5.414471","5.424279","5.453706","-0.029426","-0.539568","2510283.300000","1393596.969000","2.534600","qfq"
"601988.SH","20250728","5.434088","5.463515","5.414471","5.424279","5.424279","0.000000","0.000000","2125063.900000","1177941.753000","2.534600","qfq"
"601988.SH","20250729","5.443897","5.463515","5.385044","5.385044","5.424279","-0.039235","-0.723327","2456275.770000","1355992.558000","2.534600","qfq"
"601988.SH","20250730","5.385044","5.463515","5.365426","5.424279","5.385044","0.039235","0.728597","3043038.590000","1682104.358000","2.534600","qfq"
"601988.SH","20250731","5.424279","5.463515","5.345809","5.443897","5.424279","0.019618","0.361664","3722105.780000","2050079.188000","2.534600","qfq"
"601988.SH","20250801","5.434088","5.463515","5.394853","5.443897","5.443897","0.000000","0.000000","2815246.600000","1559597.273000","2.534600","qfq"
"601988.SH","20250804","5.434088","5.522368","5.424279","5.473324","5.443897","0.029426","0.540541","3282292.750000","1834910.401000","2.534600","qfq"
"601988.SH","20250805","5.463515","5.551794","5.443897","5.541985","5.473324","0.068662","1.254480","3208842.330000","1802682.589000","2.534600","qfq"
"601988.SH","20250806","5.541985","5.571412","5.512559","5.551794","5.541985","0.009809","0.176991","2422622.230000","1370569.226000","2.534600","qfq"
"601988.SH","20250807","5.551794","5.610647","5.512559","5.610647","5.551794","0.058853","1.060071","3031452.720000","1725625.625000","2.534600","qfq"
"601988.SH","20250808","5.600838","5.630265","5.561603","5.561603","5.610647","-0.049044","-0.874126","2323624.710000","1323692.634000","2.534600","qfq"
"601988.SH","20250811","5.561603","5.571412","5.483132","5.512559","5.561603","-0.049044","-0.881834","2586005.910000","1453056.416000","2.534600","qfq"
"601988.SH","20250812","5.512559","5.571412","5.502750","5.551794","5.512559","0.039235","0.711744","2464794.820000","1393801.471000","2.534600","qfq"
"601988.SH","20250813","5.551794","5.581221","5.473324","5.473324","5.551794","-0.078471","-1.413428","3468750.280000","1948540.058000","2.534600","qfq"
"601988.SH","20250814","5.473324","5.512559","5.453706","5.463515","5.473324","-0.009809","-0.179211","2292180.330000","1281571.424000","2.534600","qfq"
"601988.SH","20250815","5.473324","5.473324","5.316382","5.345809","5.463515","-0.117706","-2.154399","6409229.340000","3499329.743000","2.534600","qfq"
"601988.SH","20250818","5.336000","5.355618","5.296765","5.345809","5.345809","0.000000","0.000000","3506009.920000","1907307.304000","2.534600","qfq"
"601988.SH","20250819","5.345809","5.483132","5.336000","5.453706","5.345809","0.107897","2.018349","4400871.130000","2430443.192000","2.534600","qfq"
"601988.SH","20250820","5.463515","5.620456","5.453706","5.561603","5.453706","0.107897","1.978417","5845799.830000","3309866.723000","2.534600","qfq"
"601988.SH","20250821","5.571412","5.620456","5.512559","5.600838","5.561603","0.039235","0.705467","3973311.410000","2263421.584000","2.534600","qfq"
"601988.SH","20250822","5.600838","5.610647","5.532176","5.591029","5.600838","-0.009809","-0.175131","3293471.950000","1871201.844000","2.534600","qfq"
"601988.SH","20250825","5.581221","5.591029","5.532176","5.571412","5.591029","-0.019618","-0.350877","3163097.910000","1793266.507000","2.534600","qfq"
"601988.SH","20250826","5.561603","5.591029","5.541985","5.551794","5.571412","-0.019618","-0.352113","2217983.550000","1258560.252000","2.534600","qfq"
"601988.SH","20250827","5.541985","5.551794","5.443897","5.443897","5.551794","-0.107897","-1.943463","2861512.870000","1601354.358000","2.534600","qfq"
"601988.SH","20250828","5.443897","5.473324","5.394853","5.424279","5.443897","-0.019618","-0.360360","2985043.120000","1651514.188000","2.534600","qfq"
"601988.SH","20250829","5.434088","5.522368","5.404662","5.414471","5.424279","-0.009809","-0.180832","3397582.940000","1891118.032000","2.534600","qfq"
"601988.SH","20250901","5.424279","5.473324","5.385044","5.414471","5.414471","0.000000","0.000000","3406030.080000","1883895.130000","2.534600","qfq"
"601988.SH","20250902","5.414471","5.522368","5.394853","5.522368","5.414471","0.107897","1.992754","4500408.230000","2514316.870000","2.534600","qfq"
"601988.SH","20250903","5.522368","5.522368","5.414471","5.443897","5.522368","-0.078471","-1.420959","3326813.610000","1852988.833000","2.534600","qfq"
"601988.SH","20250904","5.414471","5.541985","5.306574","5.512559","5.443897","0.068662","1.261261","6529944.050000","3605212.942000","2.534600","qfq"
"601988.SH","20250905","5.483132","5.483132","5.394853","5.414471","5.512559","-0.098088","-1.779359","3670349.200000","2029841.862000","2.534600","qfq"
"601988.SH","20250908","5.394853","5.424279","5.355618","5.365426","5.414471","-0.049044","-0.905797","3264583.800000","1792239.406000","2.534600","qfq"
"601988.SH","20250909","5.365426","5.404662","5.355618","5.375235","5.365426","0.009809","0.182815","2004368.500000","1098727.195000","2.534600","qfq"
"601988.SH","20250910","5.375235","5.394853","5.345809","5.385044","5.375235","0.009809","0.182482","2226585.470000","1219577.875000","2.534600","qfq"
"601988.SH","20250911","5.375235","5.434088","5.336000","5.394853","5.385044","0.009809","0.182149","4108413.150000","2248226.546000","2.534600","qfq"
"601988.SH","20250912","5.385044","5.424279","5.375235","5.375235","5.394853","-0.019618","-0.363636","2827502.540000","1555441.039000","2.534600","qfq"
"601988.SH","20250915","5.375235","5.394853","5.345809","5.355618","5.375235","-0.019618","-0.364964","2335960.950000","1276079.490000","2.534600","qfq"
"601988.SH","20250916","5.355618","5.365426","5.296765","5.306574","5.355618","-0.049044","-0.915751","3193591.390000","1731385.451000","2.534600","qfq"
"601988.SH","20250917","5.316382","5.326191","5.257529","5.296765","5.306574","-0.009809","-0.184843","2425996.920000","1308223.172000","2.534600","qfq"
"601988.SH","20250918","5.306574","5.306574","5.188868","5.198676","5.296765","-0.098088","-1.851852","3381325.450000","1805614.530000","2.534600","qfq"
"601988.SH","20250919","5.188868","5.198676","5.100588","5.188868","5.198676","-0.009809","-0.188679","3205615.900000","1683744.848000","2.534600","qfq"
"601988.SH","20250922","5.169250","5.198676","5.110397","5.110397","5.188868","-0.078471","-1.512287","1966401.630000","1029995.116000","2.534600","qfq"
"601988.SH","20250923","5.090779","5.247721","5.061353","5.198676","5.110397","0.088279","1.727447","4545930.900000","2403683.929000","2.534600","qfq"
"601988.SH","20250924","5.188868","5.267338","5.169250","5.179059","5.198676","-0.019618","-0.377358","3266236.720000","1733861.440000","2.534600","qfq"
"601988.SH","20250925","5.169250","5.179059","5.110397","5.139824","5.179059","-0.039235","-0.757576","2443718.410000","1278506.180000","2.534600","qfq"
"601988.SH","20250926","5.130015","5.169250","5.100588","5.139824","5.139824","0.000000","0.000000","1796615.780000","941038.598000","2.534600","qfq"
"601988.SH","20250929","5.139824","5.139824","5.061353","5.100588","5.139824","-0.039235","-0.763359","2917788.460000","1516930.591000","2.534600","qfq"
"601988.SH","20250930","5.090779","5.110397","5.061353","5.080971","5.100588","-0.019618","-0.384615","1921347.700000","995407.457000","2.534600","qfq"
"601988.SH","20251009","5.080971","5.130015","5.031926","5.130015","5.080971","0.049044","0.965251","2689854.540000","1393383.720000","2.534600","qfq"
"601988.SH","20251010","5.120206","5.179059","5.110397","5.130015","5.130015","0.000000","0.000000","2409802.600000","1263371.303000","2.534600","qfq"
"601988.SH","20251013","5.110397","5.149632","5.051544","5.100588","5.130015","-0.029426","-0.573614","3021411.160000","1570451.123000","2.534600","qfq"
"601988.SH","20251014","5.090779","5.188868","5.061353","5.179059","5.100588","0.078471","1.538462","3861011.330000","2026534.448000","2.534600","qfq"
"601988.SH","20251015","5.179059","5.208485","5.139824","5.179059","5.179059","0.000000","0.000000","2922443.200000","1540688.791000","2.534600","qfq"
"601988.SH","20251016","5.179059","5.296765","5.169250","5.277147","5.179059","0.098088","1.893939","4077234.670000","2176680.820000","2.534600","qfq"
"601988.SH","20251017","5.277147","5.326191","5.228103","5.237912","5.277147","-0.039235","-0.743494","3096181.250000","1667212.880000","2.534600","qfq"
"601988.SH","20251020","5.218294","5.286956","5.139824","5.257529","5.237912","0.019618","0.374532","3335802.720000","1771036.686000","2.534600","qfq"
"601988.SH","20251021","5.247721","5.296765","5.228103","5.286956","5.257529","0.029426","0.559701","2619478.230000","1407715.231000","2.534600","qfq"
"601988.SH","20251022","5.286956","5.365426","5.277147","5.355618","5.286956","0.068662","1.298701","3365877.080000","1827788.249000","2.534600","qfq"
"601988.SH","20251023","5.355618","5.414471","5.326191","5.385044","5.355618","0.029426","0.549451","3778822.290000","2072372.182000","2.534600","qfq"
"601988.SH","20251024","5.365426","5.463515","5.336000","5.424279","5.385044","0.039235","0.728597","4317256.220000","2382064.082000","2.534600","qfq"
"601988.SH","20251027","5.404662","5.532176","5.355618","5.483132","5.424279","0.058853","1.084991","4410595.350000","2454817.704000","2.534600","qfq"
"601988.SH","20251028","5.483132","5.522368","5.434088","5.492941","5.483132","0.009809","0.178891","2996081.980000","1675010.077000","2.534600","qfq"
"601988.SH","20251029","5.492941","5.561603","5.453706","5.492941","5.492941","0.000000","0.000000","3950881.980000","2220593.984000","2.534600","qfq"
"601988.SH","20251030","5.492941","5.610647","5.483132","5.541985","5.492941","0.049044","0.892857","4625521.720000","2618922.183000","2.534600","qfq"
"601988.SH","20251031","5.551794","5.561603","5.385044","5.502750","5.541985","-0.039235","-0.707965","4884455.930000","2717254.586000","2.534600","qfq"
"601988.SH","20251103","5.483132","5.600838","5.483132","5.571412","5.502750","0.068662","1.247772","4074518.010000","2311333.091000","2.534600","qfq"
"601988.SH","20251104","5.571412","5.640074","5.561603","5.620456","5.571412","0.049044","0.880282","4088131.790000","2338329.001000","2.534600","qfq"
"601988.SH","20251105","5.610647","5.640074","5.551794","5.581221","5.620456","-0.039235","-0.698080","2487136.590000","1418073.968000","2.534600","qfq"
"601988.SH","20251106","5.561603","5.591029","5.532176","5.551794","5.581221","-0.029426","-0.527241","2112734.350000","1197058.935000","2.534600","qfq"
"601988.SH","20251107","5.551794","5.610647","5.522368","5.532176","5.551794","-0.019618","-0.353357","2237377.870000","1266404.442000","2.534600","qfq"
"601988.SH","20251110","5.522368","5.561603","5.492941","5.551794","5.532176","0.019618","0.354610","1744063.150000","984727.096000","2.534600","qfq"
"601988.SH","20251111","5.541985","5.581221","5.522368","5.571412","5.551794","0.019618","0.353357","1625526.770000","921543.770000","2.534600","qfq"
"601988.SH","20251112","5.581221","5.708735","5.571412","5.649882","5.571412","0.078471","1.408451","4009636.410000","2312614.501000","2.534600","qfq"
"601988.SH","20251113","5.659691","5.698926","5.551794","5.630265","5.649882","-0.019618","-0.347222","3044403.990000","1743572.794000","2.534600","qfq"
"601988.SH","20251114","5.630265","5.767588","5.620456","5.708735","5.630265","0.078471","1.393728","3831463.860000","2231298.175000","2.534600","qfq"
"601988.SH","20251117","5.708735","5.718544","5.581221","5.659691","5.708735","-0.049044","-0.859107","2935607.450000","1688174.986000","2.534600","qfq"
"601988.SH","20251118","5.630265","5.708735","5.600838","5.669500","5.659691","0.009809","0.173310","2324185.300000","1340338.290000","2.534600","qfq"
"601988.SH","20251119","5.679309","5.885294","5.669500","5.885294","5.669500","0.215794","3.806228","5689427.240000","3371096.361000","2.534600","qfq"
"601988.SH","20251120","5.875485","6.208985","5.846059","6.120706","5.885294","0.235412","4.000000","7232047.090000","4501080.156000","2.534600","qfq"
"601988.SH","20251121","6.110897","6.267838","6.110897","6.169750","6.120706","0.049044","0.801282","6807007.310000","4294459.516000","2.534600","qfq"
"601988.SH","20251124","6.169750","6.208985","6.022618","6.052044","6.169750","-0.117706","-1.907790","6199166.670000","3852085.963000","2.534600","qfq"
"601988.SH","20251125","6.032426","6.169750","5.973574","6.140324","6.052044","0.088279","1.458671","4354504.350000","2694640.038000","2.534600","qfq"
"601988.SH","20251126","6.140324","6.189368","5.993191","6.032426","6.140324","-0.107897","-1.757188","4148931.590000","2562937.491000","2.534600","qfq"
"601988.SH","20251127","6.012809","6.052044","5.944147","6.052044","6.032426","0.019618","0.325203","3420242.260000","2092863.574000","2.534600","qfq"
"601988.SH","20251128","6.032426","6.032426","5.924529","5.953956","6.052044","-0.098088","-1.620746","3601178.730000","2189779.216000","2.534600","qfq"
"601988.SH","20251201","5.944147","5.983382","5.914721","5.953956","5.953956","0.000000","0.000000","3065030.560000","1858296.010000","2.534600","qfq"
"601988.SH","20251202","5.953956","5.983382","5.865676","5.944147","5.953956","-0.009809","-0.164745","2533891.100000","1530042.693000","2.534600","qfq"
"601988.SH","20251203","5.924529","5.963765","5.806824","5.826441","5.944147","-0.117706","-1.980198","3225531.760000","1930305.208000","2.534600","qfq"
"601988.SH","20251204","5.836250","5.846059","5.747971","5.767588","5.826441","-0.058853","-1.010101","2499833.110000","1474123.942000","2.534600","qfq"
"601988.SH","20251205","5.767588","5.787206","5.659691","5.698926","5.767588","-0.068662","-1.190476","3207173.710000","1865401.733000","2.534600","qfq"
"601988.SH","20251208","5.698926","5.757779","5.659691","5.718544","5.698926","0.019618","0.344234","3064729.640000","1784673.004000","2.534600","qfq"
"601988.SH","20251209","5.698926","5.757779","5.679309","5.728353","5.718544","0.009809","0.171527","2509226.980000","1463990.692000","2.534600","qfq"
"601988.SH","20251210","5.718544","5.738162","5.620456","5.640074","5.728353","-0.088279","-1.541096","2839998.910000","1639088.793000","2.534600","qfq"
"601988.SH","20251211","5.660000","5.710000","5.640000","5.710000","5.640000","0.070000","1.241135","2527258.410000","1433449.523000","2.584000","qfq"
"601988.SH","20251212","5.700000","5.710000","5.580000","5.590000","5.710000","-0.120000","-2.101576","3563925.850000","1999025.485000","2.584000","qfq"
"601988.SH","20251215","5.590000","5.640000","5.580000","5.610000","5.590000","0.020000","0.357782","2019361.400000","1133325.032000","2.584000","qfq"
"601988.SH","20251216","5.600000","5.620000","5.550000","5.590000","5.610000","-0.020000","-0.356506","2216269.970000","1238134.798000","2.584000","qfq"
"601988.SH","20251217","5.580000","5.660000","5.560000","5.610000","5.590000","0.020000","0.357782","2517010.890000","1412535.014000","2.584000","qfq"
"601988.SH","20251218","5.610000","5.710000","5.580000","5.700000","5.610000","0.090000","1.604278","2879645.560000","1630967.673000","2.584000","qfq"
"601988.SH","20251219","5.690000","5.690000","5.630000","5.660000","5.700000","-0.040000","-0.701754","2398602.970000","1358087.146000","2.584000","qfq"
"601988.SH","20251222","5.650000","5.670000","5.610000","5.670000","5.660000","0.010000","0.176678","1665176.020000","940397.556000","2.584000","qfq"
"601988.SH","20251223","5.660000","5.710000","5.630000","5.700000","5.670000","0.030000","0.529101","2606330.920000","1480489.709000","2.584000","qfq"
"601988.SH","20251224","5.700000","5.730000","5.660000","5.670000","5.700000","-0.030000","-0.526316","1841497.630000","1046784.273000","2.584000","qfq"
"601988.SH","20251225","5.660000","5.710000","5.630000","5.650000","5.670000","-0.020000","-0.352734","2268690.100000","1285967.452000","2.584000","qfq"
"601988.SH","20251226","5.650000","5.650000","5.600000","5.610000","5.650000","-0.040000","-0.707965","1544955.180000","868355.134000","2.584000","qfq"
"601988.SH","20251229","5.610000","5.680000","5.590000","5.680000","5.610000","0.070000","1.247772","2527610.750000","1425343.422000","2.584000","qfq"
"601988.SH","20251230","5.660000","5.700000","5.610000","5.670000","5.680000","-0.010000","-0.176056","2366887.000000","1339549.015000","2.584000","qfq"
"601988.SH","20251231","5.660000","5.760000","5.660000","5.730000","5.670000","0.060000","1.058201","3023692.710000","1728942.716000","2.584000","qfq"
"601988.SH","20260105","5.730000","5.760000","5.640000","5.670000","5.730000","-0.060000","-1.047120","3461974.260000","1964034.946000","2.584000","qfq"
"601988.SH","20260106","5.670000","5.670000","5.550000","5.590000","5.670000","-0.080000","-1.410935","5606428.360000","3133843.907000","2.584000","qfq"
"601988.SH","20260107","5.580000","5.600000","5.550000","5.560000","5.590000","-0.030000","-0.536673","2744756.970000","1528918.706000","2.584000","qfq"
"601988.SH","20260108","5.560000","5.560000","5.480000","5.520000","5.560000","-0.040000","-0.719424","3166872.040000","1742625.353000","2.584000","qfq"
"601988.SH","20260109","5.510000","5.520000","5.460000","5.490000","5.520000","-0.030000","-0.543478","2276233.240000","1248627.643000","2.584000","qfq"
"601988.SH","20260112","5.470000","5.540000","5.440000","5.530000","5.490000","0.040000","0.728597","2615674.520000","1436981.079000","2.584000","qfq"
"601988.SH","20260113","5.520000","5.610000","5.520000","5.550000","5.530000","0.020000","0.361664","3537673.230000","1969724.042000","2.584000","qfq"
"601988.SH","20260114","5.530000","5.540000","5.460000","5.470000","5.550000","-0.080000","-1.441441","3623348.580000","1986896.750000","2.584000","qfq"
"601988.SH","20260115","5.460000","5.490000","5.420000","5.430000","5.470000","-0.040000","-0.731261","2276585.330000","1240839.852000","2.584000","qfq"
"601988.SH","20260116","5.430000","5.440000","5.380000","5.400000","5.430000","-0.030000","-0.552486","2862660.150000","1548257.786000","2.584000","qfq"
"601988.SH","20260119","5.380000","5.420000","5.350000","5.360000","5.400000","-0.040000","-0.740741","2536826.270000","1363336.281000","2.584000","qfq"
"601988.SH","20260120","5.360000","5.450000","5.340000","5.440000","5.360000","0.080000","1.492537","3174406.780000","1716541.504000","2.584000","qfq"
"601988.SH","20260121","5.440000","5.480000","5.330000","5.330000","5.440000","-0.110000","-2.022059","3641203.300000","1959298.227000","2.584000","qfq"
"601988.SH","20260122","5.330000","5.360000","5.300000","5.300000","5.330000","-0.030000","-0.562852","2496594.840000","1328510.248000","2.584000","qfq"
"601988.SH","20260123","5.320000","5.320000","5.260000","5.270000","5.300000","-0.030000","-0.566038","2473740.520000","1306482.698000","2.584000","qfq"
"601988.SH","20260126","5.260000","5.360000","5.230000","5.310000","5.270000","0.040000","0.759013","3796228.850000","2018339.670000","2.584000","qfq"
"601988.SH","20260127","5.310000","5.420000","5.300000","5.330000","5.310000","0.020000","0.376648","4305911.720000","2314067.267000","2.584000","qfq"
"601988.SH","20260128","5.320000","5.400000","5.300000","5.340000","5.330000","0.010000","0.187617","3314040.750000","1774217.581000","2.584000","qfq"
"601988.SH","20260129","5.340000","5.400000","5.300000","5.370000","5.340000","0.030000","0.561798","3230121.200000","1728023.013000","2.584000","qfq"
"601988.SH","20260130","5.380000","5.430000","5.350000","5.370000","5.370000","0.000000","0.000000","3248548.610000","1752185.733000","2.584000","qfq"
"601988.SH","20260202","5.370000","5.450000","5.360000","5.420000","5.370000","0.050000","0.931099","3385638.580000","1834399.009000","2.584000","qfq"
"601988.SH","20260203","5.400000","5.400000","5.270000","5.280000","5.420000","-0.140000","-2.583026","4487573.150000","2382313.835000","2.584000","qfq"
"601988.SH","20260204","5.290000","5.360000","5.280000","5.350000","5.280000","0.070000","1.325758","2724759.350000","1455002.370000","2.584000","qfq"
"601988.SH","20260205","5.370000","5.430000","5.350000","5.400000","5.350000","0.050000","0.934579","2663431.560000","1436793.857000","2.584000","qfq"
"601988.SH","20260206","5.420000","5.430000","5.330000","5.350000","5.400000","-0.050000","-0.925926","2715983.550000","1454130.585000","2.584000","qfq"
"601988.SH","20260209","5.330000","5.380000","5.310000","5.380000","5.350000","0.030000","0.560748","1720659.540000","920817.687000","2.584000","qfq"
"601988.SH","20260210","5.380000","5.420000","5.360000","5.410000","5.380000","0.030000","0.557621","2092404.370000","1131231.527000","2.584000","qfq"
"601988.SH","20260211","5.410000","5.430000","5.360000","5.410000","5.410000","0.000000","0.000000","1706868.040000","921920.080000","2.584000","qfq"
"601988.SH","20260212","5.410000","5.410000","5.330000","5.340000","5.410000","-0.070000","-1.293900","2353063.830000","1259628.812000","2.584000","qfq"
"601988.SH","20260213","5.350000","5.360000","5.300000","5.310000","5.340000","-0.030000","-0.561798","2119730.730000","1127854.486000","2.584000","qfq"
"601988.SH","20260224","5.320000","5.320000","5.280000","5.290000","5.310000","-0.020000","-0.376648","1575305.580000","834519.546000","2.584000","qfq"
"601988.SH","20260225","5.290000","5.310000","5.270000","5.290000","5.290000","0.000000","0.000000","1879282.060000","993983.381000","2.584000","qfq"
"601988.SH","20260226","5.290000","5.310000","5.250000","5.270000","5.290000","-0.020000","-0.378072","1563908.400000","824811.745000","2.584000","qfq"
"601988.SH","20260227","5.280000","5.300000","5.260000","5.280000","5.270000","0.010000","0.189753","1419871.660000","749568.723000","2.584000","qfq"
"601988.SH","20260302","5.280000","5.330000","5.250000","5.310000","5.280000","0.030000","0.568182","2279691.560000","1208227.863000","2.584000","qfq"
"601988.SH","20260303","5.300000","5.440000","5.280000","5.420000","5.310000","0.110000","2.071563","4955741.070000","2669491.489000","2.584000","qfq"
"601988.SH","20260304","5.410000","5.420000","5.280000","5.350000","5.420000","-0.070000","-1.291513","4238135.530000","2254636.214000","2.584000","qfq"
"601988.SH","20260305","5.310000","5.400000","5.290000","5.390000","5.350000","0.040000","0.747664","2496380.300000","1338643.193000","2.584000","qfq"
"601988.SH","20260306","5.370000","5.420000","5.350000","5.390000","5.390000","0.000000","0.000000","1949472.760000","1049580.787000","2.584000","qfq"
"601988.SH","20260309","5.370000","5.410000","5.350000","5.360000","5.390000","-0.030000","-0.556586","2489436.160000","1338798.814000","2.584000","qfq"
"601988.SH","20260310","5.350000","5.350000","5.310000","5.330000","5.360000","-0.030000","-0.559701","2038706.110000","1085779.417000","2.584000","qfq"
"601988.SH","20260311","5.330000","5.360000","5.300000","5.360000","5.330000","0.030000","0.562852","1366548.180000","728383.366000","2.584000","qfq"
"601988.SH","20260312","5.350000","5.380000","5.330000","5.370000","5.360000","0.010000","0.186567","1642862.480000","881262.505000","2.584000","qfq"
"601988.SH","20260313","5.370000","5.420000","5.330000","5.390000","5.370000","0.020000","0.372439","2379957.580000","1280639.450000","2.584000","qfq"
"601988.SH","20260316","5.390000","5.420000","5.370000","5.400000","5.390000","0.010000","0.185529","2069248.800000","1117120.525000","2.584000","qfq"
"601988.SH","20260317","5.400000","5.500000","5.380000","5.500000","5.400000","0.100000","1.851852","3623887.760000","1981976.896000","2.584000","qfq"
"601988.SH","20260318","5.500000","5.540000","5.460000","5.500000","5.500000","0.000000","0.000000","2981100.310000","1638926.258000","2.584000","qfq"
"601988.SH","20260319","5.480000","5.560000","5.480000","5.530000","5.500000","0.030000","0.545455","3565275.750000","1971909.742000","2.584000","qfq"
"601988.SH","20260320","5.520000","5.580000","5.490000","5.510000","5.530000","-0.020000","-0.361664","2593770.520000","1436384.092000","2.584000","qfq"
"601988.SH","20260323","5.490000","5.500000","5.320000","5.390000","5.510000","-0.120000","-2.177858","4331484.800000","2331714.888000","2.584000","qfq"
"601988.SH","20260324","5.380000","5.490000","5.370000","5.470000","5.390000","0.080000","1.484230","3009443.050000","1637804.287000","2.584000","qfq"
"601988.SH","20260325","5.460000","5.550000","5.380000","5.550000","5.470000","0.080000","1.462523","3172409.800000","1738485.855000","2.584000","qfq"
"601988.SH","20260326","5.530000","5.600000","5.520000","5.580000","5.550000","0.030000","0.540541","2750513.170000","1534222.231000","2.584000","qfq"
"601988.SH","20260327","5.570000","5.600000","5.560000","5.570000","5.580000","-0.010000","-0.179211","2174305.540000","1212935.000000","2.584000","qfq"
"601988.SH","20260330","5.550000","5.680000","5.550000","5.670000","5.570000","0.100000","1.795332","2896330.410000","1632080.169000","2.584000","qfq"
"601988.SH","20260331","5.670000","5.910000","5.670000","5.870000","5.670000","0.200000","3.527337","6522540.900000","3811964.949000","2.584000","qfq"
"601988.SH","20260401","5.890000","5.950000","5.850000","5.870000","5.870000","0.000000","0.000000","3431892.690000","2022103.026000","2.584000","qfq"
"601988.SH","20260402","5.870000","5.970000","5.840000","5.940000","5.870000","0.070000","1.192504","2929241.880000","1738174.185000","2.584000","qfq"
"601988.SH","20260403","5.950000","5.960000","5.780000","5.820000","5.940000","-0.120000","-2.020202","2392149.890000","1394574.302000","2.584000","qfq"
"601988.SH","20260407","5.820000","5.840000","5.750000","5.800000","5.820000","-0.020000","-0.343643","2509963.500000","1454371.237000","2.584000","qfq"
"601988.SH","20260408","5.770000","5.780000","5.630000","5.740000","5.800000","-0.060000","-1.034483","3149179.430000","1799283.321000","2.584000","qfq"
"601988.SH","20260409","5.740000","5.770000","5.670000","5.690000","5.740000","-0.050000","-0.871080","2235350.390000","1275037.216000","2.584000","qfq"
"601988.SH","20260410","5.680000","5.680000","5.620000","5.650000","5.690000","-0.040000","-0.702988","1776263.580000","1002071.045000","2.584000","qfq"
"601988.SH","20260413","5.650000","5.690000","5.580000","5.690000","5.650000","0.040000","0.707965","2002528.060000","1128552.342000","2.584000","qfq"
"601988.SH","20260414","5.660000","5.740000","5.650000","5.730000","5.690000","0.040000","0.702988","1880664.500000","1072107.399000","2.584000","qfq"
"601988.SH","20260415","5.710000","5.820000","5.700000","5.790000","5.730000","0.060000","1.047120","2310032.340000","1335510.071000","2.584000","qfq"
"601988.SH","20260416","5.800000","5.870000","5.760000","5.790000","5.790000","0.000000","0.000000","1890438.030000","1096909.201000","2.584000","qfq"
"601988.SH","20260417","5.770000","5.820000","5.750000","5.770000","5.790000","-0.020000","-0.345423","1531680.130000","884406.388000","2.584000","qfq"
"601988.SH","20260420","5.750000","5.920000","5.740000","5.900000","5.770000","0.130000","2.253033","2580279.730000","1512553.844000","2.584000","qfq"
"601988.SH","20260421","5.890000","5.970000","5.890000","5.930000","5.900000","0.030000","0.508475","2053820.680000","1218008.177000","2.584000","qfq"
"601988.SH","20260422","5.930000","5.950000","5.830000","5.840000","5.930000","-0.090000","-1.517707","1616782.440000","948819.566000","2.584000","qfq"
"601988.SH","20260423","5.830000","5.880000","5.800000","5.820000","5.840000","-0.020000","-0.342466","1588391.860000","927613.368000","2.584000","qfq"
"601988.SH","20260424","5.820000","5.840000","5.780000","5.810000","5.820000","-0.010000","-0.171821","1484477.750000","861051.720000","2.584000","qfq"
"601988.SH","20260427","5.800000","5.840000","5.750000","5.760000","5.810000","-0.050000","-0.860585","1668171.560000","964842.080000","2.584000","qfq"
"601988.SH","20260428","5.740000","5.820000","5.730000","5.810000","5.760000","0.050000","0.868056","1647560.960000","952210.043000","2.584000","qfq"
"601988.SH","20260429","5.810000","5.830000","5.730000","5.790000","5.810000","-0.020000","-0.344234","2180086.160000","1259549.786000","2.584000","qfq"
"601988.SH","20260430","5.800000","5.850000","5.730000","5.750000","5.790000","-0.040000","-0.690846","2528233.330000","1461444.306000","2.584000","qfq"
"601988.SH","20260506","5.750000","5.750000","5.640000","5.710000","5.750000","-0.040000","-0.695652","2679508.740000","1519897.392000","2.584000","qfq"
"601988.SH","20260507","5.710000","5.760000","5.680000","5.690000","5.710000","-0.020000","-0.350263","1748485.210000","999142.783000","2.584000","qfq"
"601988.SH","20260508","5.700000","5.750000","5.660000","5.680000","5.690000","-0.010000","-0.175747","1646660.030000","936717.491000","2.584000","qfq"
"601988.SH","20260511","5.670000","5.690000","5.610000","5.680000","5.680000","0.000000","0.000000","2292314.910000","1294937.056000","2.584000","qfq"
"601988.SH","20260512","5.680000","5.780000","5.670000","5.740000","5.680000","0.060000","1.056338","2497039.010000","1433926.085000","2.584000","qfq"
"601988.SH","20260513","5.750000","5.770000","5.690000","5.720000","5.740000","-0.020000","-0.348432","1733847.110000","993628.097000","2.584000","qfq"
"601988.SH","20260514","5.710000","5.830000","5.700000","5.760000","5.720000","0.040000","0.699301","2734276.450000","1580479.090000","2.584000","qfq"
"601988.SH","20260515","5.760000","5.810000","5.690000","5.790000","5.760000","0.030000","0.520833","2699421.950000","1556875.661000","2.584000","qfq"
"601988.SH","20260518","5.790000","5.820000","5.760000","5.790000","5.790000","0.000000","0.000000","1940883.880000","1124118.524000","2.584000","qfq"
"601988.SH","20260519","5.800000","5.900000","5.790000","5.830000","5.790000","0.040000","0.690846","2718887.250000","1593352.605000","2.584000","qfq"
"601988.SH","20260520","5.830000","5.840000","5.700000","5.700000","5.830000","-0.130000","-2.229846","2070373.180000","1191220.935000","2.584000","qfq"
"601988.SH","20260521","5.710000","5.840000","5.660000","5.800000","5.700000","0.100000","1.754386","3260367.580000","1883361.764000","2.584000","qfq"
"601988.SH","20260522","5.790000","5.880000","5.710000","5.860000","5.800000","0.060000","1.034483","3106328.300000","1807610.864000","2.584000","qfq"
"601988.SH","20260525","5.840000","5.940000","5.830000","5.900000","5.860000","0.040000","0.682594","2466683.510000","1455806.546000","2.584000","qfq"
"601988.SH","20260526","5.880000","5.980000","5.870000","5.910000","5.900000","0.010000","0.169492","2925462.290000","1737459.864000","2.584000","qfq"
"601988.SH","20260527","5.900000","5.980000","5.810000","5.850000","5.910000","-0.060000","-1.015228","2569335.660000","1514655.987000","2.584000","qfq"
"601988.SH","20260528","5.840000","5.930000","5.790000","5.810000","5.850000","-0.040000","-0.683761","2673152.970000","1564819.487000","2.584000","qfq"
"601988.SH","20260529","5.800000","5.910000","5.760000","5.860000","5.810000","0.050000","0.860585","3406783.000000","1992840.665000","2.584000","qfq"
"601988.SH","20260601","5.850000","5.940000","5.810000","5.930000","5.860000","0.070000","1.194539","2793312.750000","1641084.318000","2.584000","qfq"
"601988.SH","20260602","5.930000","6.050000","5.920000","5.970000","5.930000","0.040000","0.674536","3296888.730000","1976798.793000","2.584000","qfq"
"601988.SH","20260603","5.960000","5.980000","5.860000","5.950000","5.970000","-0.020000","-0.335008","2636892.410000","1560883.827000","2.584000","qfq"
"601988.SH","20260604","5.950000","5.990000","5.880000","5.900000","5.950000","-0.050000","-0.840336","1912124.860000","1134051.295000","2.584000","qfq"
"601988.SH","20260605","5.910000","6.050000","5.900000","6.050000","5.900000","0.150000","2.542373","3643592.240000","2187970.116000","2.584000","qfq"
"601988.SH","20260608","6.050000","6.170000","6.020000","6.140000","6.050000","0.090000","1.487603","3623035.130000","2212689.496000","2.584000","qfq"
"601988.SH","20260609","6.100000","6.190000","6.070000","6.130000","6.140000","-0.010000","-0.162866","2561635.280000","1571855.743000","2.584000","qfq"
"601988.SH","20260610","6.140000","6.270000","6.110000","6.220000","6.130000","0.090000","1.468189","3080229.890000","1913724.183000","2.584000","qfq"
"601988.SH","20260611","6.220000","6.230000","6.110000","6.200000","6.220000","-0.020000","-0.321543","2422277.640000","1496846.965000","2.584000","qfq"
"601988.SH","20260612","6.140000","6.290000","6.100000","6.290000","6.200000","0.090000","1.451613","3350003.580000","2079619.276000","2.584000","qfq"
"601988.SH","20260615","6.260000","6.270000","6.080000","6.130000","6.290000","-0.160000","-2.543720","4043855.410000","2490148.326000","2.584000","qfq"
"601988.SH","20260616","6.100000","6.130000","6.010000","6.040000","6.130000","-0.090000","-1.468189","2246395.120000","1358536.175000","2.584000","qfq"
"601988.SH","20260617","6.040000","6.080000","5.920000","5.940000","6.040000","-0.100000","-1.655629","2320137.190000","1387016.243000","2.584000","qfq"
"601988.SH","20260618","5.920000","5.940000","5.770000","5.780000","5.940000","-0.160000","-2.693603","3651968.560000","2125912.675000","2.584000","qfq"
"601988.SH","20260622","5.780000","5.980000","5.740000","5.940000","5.780000","0.160000","2.768166","3856864.340000","2275105.402000","2.584000","qfq"
"601988.SH","20260623","5.940000","6.180000","5.920000","6.140000","5.940000","0.200000","3.367003","3870641.600000","2361841.406000","2.584000","qfq"
"601988.SH","20260624","6.150000","6.200000","6.000000","6.020000","6.140000","-0.120000","-1.954397","3286798.810000","1999414.297000","2.584000","qfq"
"601988.SH","20260625","5.900000","6.030000","5.780000","5.790000","6.020000","-0.230000","-3.820598","3780288.350000","2222922.055000","2.584000","qfq"
"601988.SH","20260626","5.790000","5.890000","5.750000","5.760000","5.790000","-0.030000","-0.518135","3247484.860000","1886108.961000","2.584000","qfq"
"601988.SH","20260629","5.750000","5.820000","5.620000","5.800000","5.760000","0.040000","0.694444","3291220.400000","1891600.857000","2.584000","qfq"
"601988.SH","20260630","5.760000","5.780000","5.570000","5.720000","5.800000","-0.080000","-1.379310","4005578.900000","2263814.421000","2.584000","qfq"
"601988.SH","20260701","5.670000","5.720000","5.640000","5.650000","5.720000","-0.070000","-1.223776","2007286.420000","1137957.517000","2.584000","qfq"
"601988.SH","20260702","5.660000","5.750000","5.530000","5.580000","5.650000","-0.070000","-1.238938","2935500.410000","1649631.585000","2.584000","qfq"
"601988.SH","20260703","5.580000","5.630000","5.510000","5.560000","5.580000","-0.020000","-0.358423","2431256.330000","1352124.886000","2.584000","qfq"
"601988.SH","20260706","5.540000","5.650000","5.510000","5.640000","5.560000","0.080000","1.438849","2268826.400000","1267772.794000","2.584000","qfq"
"601988.SH","20260707","5.630000","5.810000","5.620000","5.780000","5.640000","0.140000","2.482270","3276425.760000","1877899.336000","2.584000","qfq"
